0.0 | Pure Logic
0.0 | Model Theory
0.0 | Formal Axioms
0.0 | Proof Systems
0.1 | Numbers
0.1 | Discrete Systems
0.1 | Mathematics
0.1 | Geometry
0.1 | Topology
0.1 | Analysis
0.1 | Finites
0.1 | Combinatorics
0.1 | Statistics
0.1 | Probability
0.1 | Stochastic Mechanics
0.1 | Systems Science
0.1 | Cybernetics
1.0 | Quantum Physics
1.0 | Classical Physics
1.0 | Chemistry
1.0 | Thermodynamics
1.0 | Electromagnetism
1.0 | Optics
1.0 | Inorganic Chemistry
1.0 | Organic Chemistry
1.0 | Physical Chemistry
1.0 | Materials Science
1.0 | Nanotechnology
1.0 | Photonics
2.0 | Cosmology
2.0 | Astronomy
2.0 | Astrophysics
2.0 | Gravitation
2.0 | Relativity
2.1 | Earth Sciences
2.1 | Planetary Sciences
2.1 | Atmospheric Sciences
2.1 | Meteorology
2.1 | Oceanography
2.1 | Hydrosphere
2.1 | Geology
2.1 | Environmental Dynamics
2.1 | Geochemical Cycles
2.1 | Sustainability
2.1 | Carbon Cycle
2.1 | Ocean Currents
2.1 | Boundary Currents
2.1 | Coriolis Deflection
2.1 | Ocean Basins
3.0 | Genetics
3.0 | Genomics
3.0 | Epigenetics
3.0 | Biochemistry
3.0 | Biophysics
3.0 | Cell Biology
3.0 | Microbiology
3.0 | Botany
3.0 | Plant Sciences
3.0 | Zoology
3.0 | Evolutionary Biology
3.0 | Phylogenetics
3.0 | Ecology
3.0 | Population Dynamics
3.0 | Metabolism
3.0 | Agronomy
3.0 | Forestry Management
3.0 | Horticulture
3.0 | Arboriculture
3.0 | Silviculture
3.0 | Tree Pruning
3.0 | Plant Growth
3.0 | Mycorrhizal Networks
3.0 | Fruit Development
3.0 | Crown Development
3.0 | Xylem Phloem
3.0 | Bacterial Colonies
3.0 | Quorum Sensing
3.0 | Bioluminescence
3.0 | Guard Cells
3.0 | Stomatal Conductance
3.0 | Turgor Pressure
3.1 | Anatomy
3.1 | Cellular Physiology
3.1 | Clinical Medicine
3.1 | Surgery
3.1 | Pharmacology
3.1 | Therapeutics
3.1 | Toxicology
3.1 | Public Health
3.1 | Epidemiology
3.1 | Biomedical Engineering
3.1 | Homeostasis
3.1 | Osmotic Pressure
3.1 | Vascular Plasma
3.1 | Intracellular Fluid
3.1 | Physiological Regulation
4.0 | Psychology
4.0 | Behavioral Dynamics
4.0 | Neuroscience
4.0 | Neurobiology
4.0 | Cognitive Science
4.0 | Information Processing
4.1 | Philosophy
4.1 | Epistemology
4.1 | Ethics
4.1 | Metaphysics
4.1 | Relational Epistemologies
4.1 | History
4.1 | Historiography
4.1 | Comparative Studies
4.1 | Theology
4.1 | Bioethics
4.1 | Philosophy of Technology
4.2 | Art History
4.2 | Visual Semiotics
4.2 | Literature
4.2 | Philology
4.2 | Musicology
4.2 | Performance Studies
4.2 | Theater
4.2 | Cultural Studies
4.2 | Structural Semantics
5.0 | Anthropology
5.0 | Sociology
5.0 | Economics
5.0 | Political Science
5.0 | Human Geography
5.0 | Linguistics
5.0 | Jurisprudence
5.0 | Law
5.0 | Education
5.0 | Pedagogy
5.0 | Criminology
5.0 | Demography
5.0 | Resource Allocation
5.0 | Trade Systems
6.0 | Civil Engineering
6.0 | Structural Engineering
6.0 | Architecture
6.0 | Urban Planning
6.1 | Theoretical Computer Science
6.1 | Software Engineering
6.1 | Applied Informatics
6.1 | Electrical Engineering
6.1 | Mechanical Engineering
6.1 | Aerospace Engineering
6.1 | Chemical Engineering
6.1 | Library and Information Science
6.1 | Circuit Dynamics
6.1 | Inductive Loads
6.1 | Flyback Voltage
6.1 | Reactance Impedance
6.1 | Transformer Cores
6.1 | Eddy Current Losses
6.1 | Laminated Silicon Steel
6.1 | Ethernet Networks
6.1 | Packet Handling
6.1 | Bus Throughput
6.1 | Collision Handling
6.2 | Quantum Information
6.2 | Quantum Computing
6.2 | Bioinformatics
6.2 | Computational Biology
6.2 | Data Science
6.2 | Complex Systems Analysis
6.2 | Science Technology and Society
